age,workclass,education,education-num,marital-status,occupation,relationship,race,sex,capital-gain,capital-loss,hours-per-week,native-country,income
54,Private,1st-4th,2,Married-civ-spouse,Other-service,Husband,White,Male,0,0,40,Mexico,<=50K
24,Private,HS-grad,9,Married-civ-spouse,Exec-managerial,Husband,White,Male,0,0,50,United-States,<=50K
20,Private,Some-college,10,Never-married,Machine-op-inspct,Own-child,White,Female,0,0,40,United-States,<=50K
38,Self-emp-not-inc,Masters,14,Married-civ-spouse,Farming-fishing,Husband,White,Male,0,0,70,United-States,<=50K
37,Private,Bachelors,13,Never-married,Tech-support,Not-in-family,White,Female,0,0,40,United-States,<=50K
38,Local-gov,Masters,14,Divorced,Prof-specialty,Not-in-family,Black,Male,0,0,40,Jamaica,<=50K
32,Private,Some-college,10,Divorced,Sales,Own-child,White,Male,0,0,30,United-States,<=50K
67,Self-emp-not-inc,7th-8th,4,Married-civ-spouse,Craft-repair,Husband,White,Male,0,0,40,United-States,<=50K
31,Private,11th,7,Divorced,Other-service,Not-in-family,White,Female,0,0,40,United-States,<=50K
38,Private,Assoc-voc,11,Married-civ-spouse,Craft-repair,Husband,White,Male,0,0,40,United-States,<=50K
49,Local-gov,Masters,14,Never-married,Prof-specialty,Not-in-family,White,Female,4650,0,40,United-States,<=50K
44,Private,7th-8th,4,Married-civ-spouse,Machine-op-inspct,Husband,White,Male,0,0,40,United-States,<=50K
61,Private,9th,5,Married-civ-spouse,Craft-repair,Husband,White,Male,0,0,40,United-States,<=50K
27,Private,HS-grad,9,Married-civ-spouse,Handlers-cleaners,Husband,White,Male,0,0,40,United-States,<=50K
38,Private,HS-grad,9,Married-civ-spouse,Exec-managerial,Husband,White,Male,0,0,50,United-States,<=50K
47,Private,7th-8th,4,Married-civ-spouse,Machine-op-inspct,Wife,Black,Female,0,0,35,United-States,<=50K
32,Private,HS-grad,9,Divorced,Craft-repair,Other-relative,Black,Female,0,0,50,United-States,<=50K
47,Private,HS-grad,9,Divorced,Other-service,Not-in-family,White,Female,0,0,4,United-States,<=50K
39,Private,Bachelors,13,Married-civ-spouse,Prof-specialty,Not-in-family,White,Male,0,0,60,United-States,<=50K
42,Private,Bachelors,13,Married-civ-spouse,Transport-moving,Husband,White,Male,0,0,58,United-States,<=50K
23,Private,Some-college,10,Never-married,Craft-repair,Own-child,White,Male,0,0,40,United-States,<=50K
61,Self-emp-not-inc,HS-grad,9,Married-civ-spouse,Farming-fishing,Husband,White,Male,0,0,60,United-States,<=50K
21,Private,Some-college,10,Never-married,Other-service,Own-child,White,Male,0,0,24,United-States,<=50K
27,Private,Some-college,10,Married-civ-spouse,Farming-fishing,Husband,White,Male,0,0,80,United-States,<=50K
54,Private,Some-college,10,Divorced,Sales,Unmarried,White,Female,0,0,48,United-States,<=50K
31,Private,HS-grad,9,Divorced,Adm-clerical,Not-in-family,White,Female,0,0,40,United-States,<=50K
47,Local-gov,Some-college,10,Divorced,Adm-clerical,Not-in-family,White,Female,0,0,33,United-States,<=50K
49,Private,HS-grad,9,Divorced,Transport-moving,Not-in-family,White,Male,0,0,40,United-States,<=50K
45,Private,HS-grad,9,Never-married,Sales,Not-in-family,White,Female,0,0,20,United-States,<=50K
45,Private,11th,7,Widowed,Other-service,Not-in-family,Black,Female,0,0,20,United-States,<=50K
40,Private,Assoc-acdm,12,Never-married,Tech-support,Not-in-family,Black,Male,0,0,40,United-States,<=50K
38,Private,HS-grad,9,Never-married,Adm-clerical,Not-in-family,White,Female,0,0,38,United-States,<=50K
17,Self-emp-inc,10th,6,Never-married,Craft-repair,Own-child,White,Male,0,0,40,United-States,<=50K
26,Private,HS-grad,9,Never-married,Craft-repair,Own-child,White,Male,0,0,40,United-States,<=50K
28,Private,HS-grad,9,Divorced,Machine-op-inspct,Own-child,White,Male,0,0,40,United-States,<=50K
31,Private,HS-grad,9,Married-civ-spouse,Transport-moving,Husband,White,Male,0,0,45,United-States,<=50K
38,Private,Assoc-voc,11,Married-civ-spouse,Machine-op-inspct,Husband,White,Male,0,0,40,United-States,<=50K
28,Private,HS-grad,9,Never-married,Adm-clerical,Not-in-family,White,Female,0,0,40,United-States,<=50K
22,Private,12th,8,Never-married,Transport-moving,Unmarried,White,Male,0,0,30,United-States,<=50K
61,Local-gov,Some-college,10,Married-civ-spouse,Adm-clerical,Husband,White,Male,0,0,35,United-States,<=50K
42,Local-gov,Some-college,10,Married-civ-spouse,Craft-repair,Husband,Black,Male,0,0,40,United-States,<=50K
40,Self-emp-not-inc,HS-grad,9,Married-civ-spouse,Craft-repair,Husband,White,Male,0,0,15,United-States,<=50K
26,Private,HS-grad,9,Never-married,Handlers-cleaners,Not-in-family,White,Male,0,0,40,United-States,<=50K
50,Self-emp-not-inc,7th-8th,4,Married-civ-spouse,Farming-fishing,Husband,White,Male,0,0,40,United-States,<=50K
28,Private,Some-college,10,Never-married,Craft-repair,Not-in-family,White,Male,0,0,43,Mexico,<=50K
32,Self-emp-not-inc,HS-grad,9,Married-civ-spouse,Sales,Husband,White,Male,0,0,40,United-States,<=50K
30,Private,HS-grad,9,Never-married,Craft-repair,Own-child,White,Male,0,1504,40,United-States,<=50K
53,Self-emp-not-inc,HS-grad,9,Married-civ-spouse,Farming-fishing,Husband,White,Male,0,0,85,United-States,<=50K
41,Private,Prof-school,15,Married-civ-spouse,Adm-clerical,Husband,Asian-Pac-Islander,Male,0,0,40,Philippines,<=50K
30,Private,HS-grad,9,Married-civ-spouse,Transport-moving,Husband,White,Male,0,0,50,United-States,<=50K
20,Private,Some-college,10,Never-married,Handlers-cleaners,Own-child,White,Male,0,0,40,United-States,<=50K
62,State-gov,Assoc-voc,11,Widowed,Exec-managerial,Unmarried,Black,Female,0,0,40,United-States,<=50K
28,Private,1st-4th,2,Married-spouse-absent,Other-service,Own-child,Other,Female,0,0,35,Dominican-Republic,<=50K
36,Private,HS-grad,9,Divorced,Transport-moving,Not-in-family,White,Male,0,0,50,United-States,<=50K
29,Self-emp-not-inc,HS-grad,9,Married-civ-spouse,Craft-repair,Husband,White,Male,0,0,40,United-States,<=50K
29,Private,7th-8th,4,Divorced,Craft-repair,Unmarried,White,Female,0,0,55,United-States,<=50K
17,Private,10th,6,Never-married,Other-service,Own-child,White,Male,0,0,12,United-States,<=50K
46,Private,Assoc-acdm,12,Never-married,Tech-support,Not-in-family,White,Male,0,0,56,United-States,<=50K
44,Local-gov,12th,8,Married-civ-spouse,Craft-repair,Husband,White,Male,0,0,55,United-States,<=50K
28,Local-gov,HS-grad,9,Married-civ-spouse,Protective-serv,Husband,White,Male,3908,0,40,United-States,<=50K
23,Private,HS-grad,9,Divorced,Handlers-cleaners,Own-child,White,Male,0,0,44,United-States,<=50K
17,Private,11th,7,Never-married,Handlers-cleaners,Own-child,White,Male,0,0,30,United-States,<=50K
24,Private,Assoc-voc,11,Married-civ-spouse,Craft-repair,Husband,White,Male,0,0,40,United-States,<=50K
23,Private,Some-college,10,Never-married,Sales,Own-child,Asian-Pac-Islander,Female,0,0,40,United-States,<=50K
51,Local-gov,7th-8th,4,Married-civ-spouse,Transport-moving,Husband,White,Male,0,0,40,United-States,<=50K
21,Private,HS-grad,9,Never-married,Adm-clerical,Own-child,White,Female,0,0,40,Cuba,<=50K
28,Federal-gov,Bachelors,13,Never-married,Exec-managerial,Not-in-family,Black,Male,0,0,40,United-States,<=50K
66,Private,11th,7,Married-civ-spouse,Sales,Husband,White,Male,0,0,26,United-States,<=50K
58,Self-emp-not-inc,Masters,14,Divorced,Sales,Not-in-family,White,Male,0,0,18,United-States,<=50K
44,Private,HS-grad,9,Never-married,Other-service,Unmarried,White,Male,0,0,40,United-States,<=50K
24,Private,Assoc-acdm,12,Never-married,Sales,Own-child,White,Male,0,0,20,United-States,<=50K
50,Private,Some-college,10,Married-civ-spouse,Sales,Husband,White,Male,0,0,60,United-States,<=50K
39,State-gov,11th,7,Married-civ-spouse,Craft-repair,Husband,White,Male,0,0,40,United-States,<=50K
24,Private,Bachelors,13,Never-married,Tech-support,Not-in-family,White,Male,0,0,35,United-States,<=50K
55,Private,Bachelors,13,Married-spouse-absent,Craft-repair,Unmarried,White,Female,0,0,55,Ireland,<=50K
46,Private,HS-grad,9,Married-civ-spouse,Farming-fishing,Husband,White,Male,4064,0,55,United-States,<=50K
35,Local-gov,Some-college,10,Divorced,Adm-clerical,Own-child,White,Female,0,0,38,United-States,<=50K
48,Private,HS-grad,9,Divorced,Machine-op-inspct,Other-relative,Other,Female,0,0,38,Ecuador,<=50K
33,Private,7th-8th,4,Married-civ-spouse,Machine-op-inspct,Husband,White,Male,0,0,40,United-States,<=50K
22,Private,HS-grad,9,Never-married,Craft-repair,Own-child,White,Female,0,0,40,United-States,<=50K
43,State-gov,HS-grad,9,Divorced,Exec-managerial,Unmarried,White,Female,0,0,40,United-States,<=50K
48,Local-gov,Masters,14,Divorced,Prof-specialty,Unmarried,White,Female,0,0,80,United-States,<=50K
59,Private,HS-grad,9,Widowed,Adm-clerical,Not-in-family,White,Female,0,0,40,United-States,<=50K
43,Self-emp-not-inc,12th,8,Married-civ-spouse,Transport-moving,Husband,White,Male,0,0,60,United-States,<=50K
26,Private,HS-grad,9,Married-civ-spouse,Farming-fishing,Husband,White,Male,0,0,70,United-States,<=50K
24,Private,HS-grad,9,Never-married,Other-service,Own-child,Black,Male,0,1721,30,United-States,<=50K
36,Private,HS-grad,9,Married-civ-spouse,Other-service,Wife,Asian-Pac-Islander,Female,0,0,40,South,<=50K
22,Private,5th-6th,3,Married-civ-spouse,Machine-op-inspct,Other-relative,White,Female,0,0,40,Mexico,<=50K
20,Private,HS-grad,9,Never-married,Other-service,Own-child,White,Male,0,0,40,United-States,<=50K
20,Private,HS-grad,9,Never-married,Machine-op-inspct,Other-relative,White,Female,0,0,40,United-States,<=50K
51,Private,Some-college,10,Widowed,Prof-specialty,Not-in-family,White,Female,3325,0,40,United-States,<=50K
24,Private,HS-grad,9,Never-married,Machine-op-inspct,Other-relative,Black,Male,0,0,45,United-States,<=50K
26,Private,Bachelors,13,Never-married,Farming-fishing,Own-child,White,Male,0,0,40,United-States,<=50K
25,Private,9th,5,Never-married,Craft-repair,Unmarried,White,Male,914,0,40,United-States,<=50K
26,Private,10th,6,Married-civ-spouse,Craft-repair,Own-child,Black,Male,0,0,40,United-States,<=50K
25,Private,Some-college,10,Never-married,Tech-support,Own-child,White,Female,0,0,40,United-States,<=50K
44,Private,HS-grad,9,Married-civ-spouse,Transport-moving,Husband,White,Male,0,0,40,United-States,<=50K
55,Private,Some-college,10,Married-civ-spouse,Prof-specialty,Husband,White,Male,0,0,40,United-States,<=50K
23,Private,Some-college,10,Never-married,Protective-serv,Own-child,White,Male,0,0,40,Mexico,<=50K
54,Private,9th,5,Separated,Craft-repair,Unmarried,White,Male,0,0,40,United-States,<=50K
34,Private,Some-college,10,Never-married,Other-service,Unmarried,White,Female,0,0,40,United-States,<=50K
34,Local-gov,Bachelors,13,Never-married,Other-service,Not-in-family,White,Male,0,0,14,United-States,<=50K
35,Private,Bachelors,13,Married-spouse-absent,Craft-repair,Unmarried,White,Male,0,0,40,United-States,<=50K
47,Private,11th,7,Divorced,Handlers-cleaners,Not-in-family,White,Male,0,0,40,United-States,<=50K
71,Private,HS-grad,9,Divorced,Other-service,Not-in-family,White,Female,0,0,16,United-States,<=50K
43,Private,10th,6,Married-civ-spouse,Handlers-cleaners,Husband,White,Male,0,0,40,United-States,<=50K
40,Private,Some-college,10,Separated,Exec-managerial,Unmarried,White,Female,0,0,60,United-States,<=50K
21,Local-gov,Some-college,10,Never-married,Adm-clerical,Own-child,White,Male,0,0,40,United-States,<=50K
29,Private,Bachelors,13,Never-married,Adm-clerical,Own-child,White,Female,0,0,40,Portugal,<=50K
25,Private,Bachelors,13,Never-married,Exec-managerial,Own-child,White,Female,0,1726,60,United-States,<=50K
45,Private,Some-college,10,Married-civ-spouse,Craft-repair,Husband,White,Male,0,0,40,United-States,<=50K
29,Private,HS-grad,9,Divorced,Machine-op-inspct,Unmarried,White,Male,0,0,40,United-States,<=50K
90,Private,Masters,14,Never-married,Exec-managerial,Own-child,White,Female,0,0,40,United-States,<=50K
36,Private,Bachelors,13,Divorced,Prof-specialty,Not-in-family,White,Female,0,0,50,United-States,<=50K
26,Private,HS-grad,9,Never-married,Craft-repair,Not-in-family,White,Male,0,0,25,United-States,<=50K
63,Self-emp-not-inc,7th-8th,4,Married-civ-spouse,Craft-repair,Husband,White,Male,0,0,40,United-States,<=50K
24,Private,Bachelors,13,Never-married,Farming-fishing,Own-child,White,Female,0,0,40,United-States,<=50K
19,Private,HS-grad,9,Never-married,Sales,Unmarried,Black,Female,0,0,30,United-States,<=50K
31,Private,HS-grad,9,Divorced,Transport-moving,Not-in-family,White,Male,0,0,55,United-States,<=50K
22,Private,HS-grad,9,Never-married,Transport-moving,Own-child,White,Male,0,0,40,United-States,<=50K
37,Private,HS-grad,9,Married-civ-spouse,Craft-repair,Husband,White,Male,0,0,51,United-States,<=50K
51,Private,Some-college,10,Married-civ-spouse,Exec-managerial,Husband,White,Male,0,0,45,United-States,<=50K
45,Private,Some-college,10,Married-spouse-absent,Adm-clerical,Not-in-family,White,Female,0,0,40,United-States,<=50K
48,State-gov,HS-grad,9,Married-civ-spouse,Protective-serv,Husband,White,Male,0,0,40,United-States,<=50K
19,Private,HS-grad,9,Never-married,Handlers-cleaners,Other-relative,Other,Female,0,0,60,Guatemala,<=50K
41,Private,HS-grad,9,Married-civ-spouse,Exec-managerial,Husband,White,Male,0,0,40,United-States,<=50K
59,Private,Some-college,10,Divorced,Machine-op-inspct,Not-in-family,White,Male,0,0,56,United-States,<=50K
56,Private,Assoc-acdm,12,Married-spouse-absent,Other-service,Not-in-family,White,Male,0,0,25,Iran,<=50K
26,Local-gov,HS-grad,9,Never-married,Other-service,Other-relative,White,Male,0,0,16,United-States,<=50K
25,Private,HS-grad,9,Never-married,Other-service,Not-in-family,Black,Female,0,0,40,United-States,<=50K
23,Private,HS-grad,9,Never-married,Handlers-cleaners,Own-child,White,Male,0,0,25,United-States,<=50K
21,Private,HS-grad,9,Never-married,Other-service,Not-in-family,White,Female,0,0,28,United-States,<=50K
48,Private,Some-college,10,Married-civ-spouse,Handlers-cleaners,Husband,White,Male,0,0,30,United-States,<=50K
24,Private,Some-college,10,Never-married,Other-service,Own-child,White,Male,0,0,20,Canada,<=50K
64,Private,7th-8th,4,Married-civ-spouse,Craft-repair,Husband,White,Male,0,0,40,United-States,<=50K
44,Private,Some-college,10,Never-married,Craft-repair,Not-in-family,White,Male,0,0,38,United-States,<=50K
18,Private,11th,7,Never-married,Sales,Own-child,White,Female,0,0,20,United-States,<=50K
68,Private,HS-grad,9,Never-married,Sales,Not-in-family,White,Female,0,0,40,United-States,<=50K
29,Local-gov,11th,7,Divorced,Other-service,Unmarried,Black,Female,0,0,20,United-States,<=50K
25,Private,Assoc-acdm,12,Never-married,Exec-managerial,Own-child,White,Male,0,0,40,United-States,<=50K
26,Private,Assoc-voc,11,Never-married,Adm-clerical,Own-child,White,Female,0,0,40,United-States,<=50K
23,Private,HS-grad,9,Never-married,Craft-repair,Other-relative,White,Male,0,0,40,United-States,<=50K
24,Self-emp-not-inc,Some-college,10,Married-civ-spouse,Transport-moving,Husband,White,Male,0,0,60,United-States,<=50K
24,Local-gov,Some-college,10,Separated,Protective-serv,Not-in-family,White,Male,0,0,60,United-States,<=50K
26,Private,Bachelors,13,Never-married,Sales,Not-in-family,Asian-Pac-Islander,Female,0,0,40,South,<=50K
37,Private,HS-grad,9,Never-married,Craft-repair,Unmarried,White,Male,0,0,40,United-States,<=50K
37,Private,HS-grad,9,Married-civ-spouse,Craft-repair,Husband,White,Male,0,0,72,Mexico,<=50K
42,Private,Bachelors,13,Divorced,Adm-clerical,Unmarried,White,Male,0,0,30,United-States,<=50K
21,Private,Some-college,10,Never-married,Other-service,Not-in-family,White,Female,0,0,40,United-States,<=50K
28,Private,HS-grad,9,Married-civ-spouse,Craft-repair,Husband,White,Male,0,0,40,United-States,<=50K
49,State-gov,Bachelors,13,Married-civ-spouse,Prof-specialty,Husband,White,Male,0,0,50,United-States,>50K
47,Private,Assoc-acdm,12,Married-civ-spouse,Prof-specialty,Wife,Black,Female,15024,0,40,United-States,>50K
46,Private,Some-college,10,Married-civ-spouse,Sales,Husband,White,Male,0,0,48,United-States,>50K
49,Private,HS-grad,9,Married-civ-spouse,Craft-repair,Wife,White,Female,0,0,40,United-States,>50K
45,Local-gov,Masters,14,Married-civ-spouse,Prof-specialty,Husband,White,Male,0,0,37,United-States,>50K
37,Private,Bachelors,13,Married-civ-spouse,Craft-repair,Husband,White,Male,0,0,40,United-States,>50K
30,Private,Bachelors,13,Married-civ-spouse,Sales,Husband,White,Male,7298,0,50,United-States,>50K
45,Private,Bachelors,13,Divorced,Prof-specialty,Not-in-family,White,Male,0,0,50,United-States,>50K
35,Private,Masters,14,Married-civ-spouse,Sales,Husband,White,Male,0,0,40,United-States,>50K
49,Private,Bachelors,13,Married-civ-spouse,Exec-managerial,Husband,White,Male,0,1902,50,United-States,>50K
39,Private,Bachelors,13,Married-civ-spouse,Handlers-cleaners,Wife,White,Female,0,0,40,Poland,>50K
51,Private,Masters,14,Married-civ-spouse,Prof-specialty,Husband,White,Male,0,0,47,United-States,>50K
47,Self-emp-not-inc,HS-grad,9,Married-civ-spouse,Exec-managerial,Husband,White,Male,0,2415,50,United-States,>50K
50,Self-emp-not-inc,Masters,14,Married-civ-spouse,Sales,Husband,White,Male,7688,0,55,United-States,>50K
44,Self-emp-inc,Some-college,10,Married-civ-spouse,Sales,Husband,White,Male,5178,0,60,United-States,>50K
56,Private,HS-grad,9,Married-civ-spouse,Craft-repair,Husband,White,Male,3103,0,40,United-States,>50K
38,Private,Bachelors,13,Married-civ-spouse,Exec-managerial,Husband,White,Male,7688,0,40,United-States,>50K
44,Private,Some-college,10,Separated,Exec-managerial,Not-in-family,White,Male,0,0,45,United-States,>50K
41,Private,Bachelors,13,Married-civ-spouse,Prof-specialty,Wife,Black,Female,0,0,35,Haiti,>50K
44,Local-gov,Assoc-voc,11,Married-civ-spouse,Craft-repair,Husband,White,Male,7688,0,40,United-States,>50K
54,Private,Masters,14,Divorced,Prof-specialty,Not-in-family,White,Female,0,2559,40,United-States,>50K
53,Self-emp-inc,Some-college,10,Divorced,Sales,Not-in-family,White,Male,8614,0,50,Cuba,>50K
54,Private,Some-college,10,Never-married,Exec-managerial,Not-in-family,White,Male,0,0,40,United-States,>50K
38,Private,HS-grad,9,Married-civ-spouse,Adm-clerical,Wife,White,Female,0,0,36,United-States,>50K
48,Private,Masters,14,Married-civ-spouse,Transport-moving,Husband,White,Male,0,0,55,United-States,>50K
43,Private,Bachelors,13,Married-civ-spouse,Sales,Husband,White,Male,15024,0,45,United-States,>50K
59,Private,HS-grad,9,Married-civ-spouse,Handlers-cleaners,Husband,White,Male,0,0,40,United-States,>50K
39,Private,Some-college,10,Married-civ-spouse,Farming-fishing,Husband,White,Male,0,0,50,United-States,>50K
47,Self-emp-inc,Bachelors,13,Divorced,Exec-managerial,Not-in-family,White,Male,0,0,70,United-States,>50K
56,Self-emp-not-inc,HS-grad,9,Widowed,Adm-clerical,Unmarried,White,Female,99999,0,40,United-States,>50K
57,Private,Bachelors,13,Married-civ-spouse,Exec-managerial,Husband,Asian-Pac-Islander,Male,0,0,40,Philippines,>50K
48,Private,HS-grad,9,Married-civ-spouse,Transport-moving,Husband,White,Male,0,0,55,United-States,>50K
44,Private,Prof-school,15,Married-civ-spouse,Prof-specialty,Husband,White,Male,0,0,50,United-States,>50K
49,Federal-gov,Some-college,10,Married-civ-spouse,Exec-managerial,Husband,White,Male,0,0,40,United-States,>50K
36,Self-emp-inc,Bachelors,13,Never-married,Tech-support,Not-in-family,White,Male,27828,0,55,United-States,>50K
44,Private,Bachelors,13,Married-civ-spouse,Exec-managerial,Husband,White,Male,15024,0,45,United-States,>50K
36,Private,HS-grad,9,Married-civ-spouse,Transport-moving,Husband,White,Male,0,0,45,United-States,>50K
66,Private,Bachelors,13,Married-civ-spouse,Sales,Husband,White,Male,0,0,5,United-States,>50K
40,Federal-gov,HS-grad,9,Married-civ-spouse,Adm-clerical,Wife,White,Female,0,0,20,United-States,>50K
52,Private,Assoc-voc,11,Married-civ-spouse,Craft-repair,Husband,White,Male,0,0,48,Poland,>50K
46,Private,Bachelors,13,Divorced,Prof-specialty,Not-in-family,White,Male,0,0,45,United-States,>50K
42,Private,Some-college,10,Married-civ-spouse,Craft-repair,Husband,White,Male,0,0,60,United-States,>50K
36,Private,Masters,14,Never-married,Adm-clerical,Not-in-family,White,Male,13550,0,50,United-States,>50K
47,Private,HS-grad,9,Married-civ-spouse,Craft-repair,Husband,White,Male,0,0,56,United-States,>50K
57,Private,HS-grad,9,Married-civ-spouse,Machine-op-inspct,Husband,Black,Male,0,0,40,United-States,>50K
30,Private,Assoc-voc,11,Married-civ-spouse,Prof-specialty,Husband,White,Male,5178,0,52,United-States,>50K
64,Self-emp-inc,Prof-school,15,Married-civ-spouse,Prof-specialty,Husband,White,Male,99999,0,35,United-States,>50K
45,Private,Bachelors,13,Married-civ-spouse,Sales,Husband,White,Male,0,0,52,United-States,>50K
41,Private,Assoc-voc,11,Married-civ-spouse,Tech-support,Wife,White,Female,0,0,38,United-States,>50K
42,Private,Doctorate,16,Married-civ-spouse,Prof-specialty,Husband,Asian-Pac-Islander,Male,0,0,40,Taiwan,>50K
52,Private,Bachelors,13,Married-civ-spouse,Exec-managerial,Husband,White,Male,0,0,45,United-States,>50K
38,Local-gov,Doctorate,16,Married-civ-spouse,Exec-managerial,Husband,White,Male,0,1887,50,United-States,>50K
50,Private,Bachelors,13,Married-civ-spouse,Exec-managerial,Husband,White,Male,7298,0,50,United-States,>50K
31,Private,HS-grad,9,Married-civ-spouse,Adm-clerical,Husband,Amer-Indian-Eskimo,Male,0,0,40,United-States,>50K
34,Private,Some-college,10,Never-married,Machine-op-inspct,Not-in-family,White,Male,0,0,40,England,>50K
30,Federal-gov,Some-college,10,Married-civ-spouse,Adm-clerical,Husband,White,Male,7298,0,48,Cuba,>50K
43,Private,Some-college,10,Married-civ-spouse,Adm-clerical,Wife,Black,Female,0,0,38,United-States,>50K
60,Private,HS-grad,9,Married-civ-spouse,Craft-repair,Husband,White,Male,0,0,45,United-States,>50K
42,Self-emp-not-inc,Some-college,10,Married-civ-spouse,Handlers-cleaners,Husband,White,Male,0,0,56,United-States,>50K
44,Self-emp-inc,Some-college,10,Married-civ-spouse,Craft-repair,Husband,White,Male,0,0,58,United-States,>50K
51,Private,Some-college,10,Divorced,Sales,Not-in-family,White,Female,0,0,45,United-States,>50K
44,Self-emp-not-inc,HS-grad,9,Married-civ-spouse,Sales,Wife,White,Female,0,0,40,United-States,>50K
29,Private,Bachelors,13,Married-civ-spouse,Exec-managerial,Husband,White,Male,0,0,40,United-States,>50K
43,Private,Bachelors,13,Married-civ-spouse,Exec-managerial,Husband,White,Male,0,1977,50,United-States,>50K
48,State-gov,Some-college,10,Married-civ-spouse,Craft-repair,Husband,White,Male,0,0,40,United-States,>50K
45,Private,Bachelors,13,Married-civ-spouse,Craft-repair,Husband,White,Male,15024,0,40,United-States,>50K
32,Private,Bachelors,13,Married-civ-spouse,Exec-managerial,Husband,White,Male,0,0,43,United-States,>50K
54,Local-gov,HS-grad,9,Married-civ-spouse,Craft-repair,Husband,White,Male,0,0,40,United-States,>50K
28,Private,Bachelors,13,Married-civ-spouse,Sales,Husband,White,Male,0,0,50,United-States,>50K
44,Private,Some-college,10,Married-civ-spouse,Transport-moving,Husband,White,Male,0,0,72,United-States,>50K
41,Private,Bachelors,13,Never-married,Prof-specialty,Not-in-family,White,Male,0,0,40,United-States,>50K
40,Private,Some-college,10,Married-civ-spouse,Transport-moving,Husband,White,Male,0,0,50,United-States,>50K
45,Local-gov,Masters,14,Married-civ-spouse,Prof-specialty,Husband,White,Male,7688,0,55,United-States,>50K
34,Private,Some-college,10,Married-civ-spouse,Handlers-cleaners,Husband,White,Male,0,0,40,United-States,>50K
42,Self-emp-inc,Masters,14,Married-civ-spouse,Farming-fishing,Husband,White,Male,0,0,60,United-States,>50K
38,Private,Assoc-voc,11,Married-civ-spouse,Machine-op-inspct,Husband,White,Male,0,0,48,United-States,>50K
40,Private,Bachelors,13,Married-civ-spouse,Sales,Husband,White,Male,0,0,55,United-States,>50K
58,State-gov,Doctorate,16,Never-married,Exec-managerial,Not-in-family,White,Female,0,0,43,United-States,>50K
40,Private,Bachelors,13,Married-civ-spouse,Exec-managerial,Husband,White,Male,0,0,50,United-States,>50K
56,Private,12th,8,Married-civ-spouse,Prof-specialty,Husband,White,Male,0,0,40,United-States,>50K
48,Self-emp-inc,Assoc-voc,11,Married-civ-spouse,Exec-managerial,Husband,White,Male,0,0,50,United-States,>50K
30,Private,Bachelors,13,Never-married,Tech-support,Not-in-family,White,Female,0,0,40,United-States,>50K
46,Local-gov,Bachelors,13,Married-civ-spouse,Exec-managerial,Husband,White,Male,0,0,48,United-States,>50K
42,Private,Some-college,10,Married-civ-spouse,Prof-specialty,Husband,White,Male,0,0,40,United-States,>50K
54,Self-emp-not-inc,Assoc-acdm,12,Married-civ-spouse,Sales,Husband,White,Male,0,0,50,United-States,>50K
52,Local-gov,Masters,14,Never-married,Prof-specialty,Not-in-family,White,Male,0,0,32,United-States,>50K
51,Self-emp-not-inc,HS-grad,9,Married-civ-spouse,Craft-repair,Husband,White,Male,7298,0,48,United-States,>50K
36,Self-emp-not-inc,Some-college,10,Married-civ-spouse,Craft-repair,Husband,White,Male,0,0,60,United-States,>50K
61,Private,Some-college,10,Married-civ-spouse,Adm-clerical,Wife,White,Female,15024,0,34,United-States,>50K
33,Private,HS-grad,9,Married-civ-spouse,Tech-support,Wife,White,Female,0,1902,40,United-States,>50K
50,State-gov,Doctorate,16,Married-civ-spouse,Prof-specialty,Husband,White,Male,0,1902,45,United-States,>50K
38,Self-emp-not-inc,Masters,14,Never-married,Prof-specialty,Not-in-family,White,Male,0,0,40,United-States,>50K
44,Private,Assoc-acdm,12,Married-civ-spouse,Prof-specialty,Husband,White,Male,0,0,40,United-States,>50K
43,Private,Some-college,10,Married-civ-spouse,Handlers-cleaners,Husband,White,Male,0,0,40,United-States,>50K
35,Private,Masters,14,Married-civ-spouse,Sales,Husband,White,Male,0,0,55,United-States,>50K
51,Private,Assoc-acdm,12,Married-civ-spouse,Exec-managerial,Husband,White,Male,0,0,45,United-States,>50K
45,Self-emp-inc,Prof-school,15,Married-civ-spouse,Prof-specialty,Husband,White,Male,15024,0,43,United-States,>50K
46,Self-emp-not-inc,Prof-school,15,Married-civ-spouse,Prof-specialty,Husband,White,Male,15024,0,40,United-States,>50K
45,Private,Doctorate,16,Married-civ-spouse,Prof-specialty,Husband,White,Male,0,0,50,United-States,>50K
37,Private,11th,7,Never-married,Transport-moving,Not-in-family,White,Male,0,0,60,United-States,>50K
45,Local-gov,HS-grad,9,Married-civ-spouse,Craft-repair,Husband,White,Male,0,0,40,United-States,>50K
39,Private,Bachelors,13,Widowed,Prof-specialty,Unmarried,White,Female,0,0,50,Poland,>50K
43,Local-gov,Masters,14,Married-civ-spouse,Prof-specialty,Wife,Black,Female,0,0,35,United-States,>50K
48,State-gov,Masters,14,Married-civ-spouse,Prof-specialty,Husband,White,Male,15024,0,40,United-States,>50K
30,Private,HS-grad,9,Married-civ-spouse,Protective-serv,Husband,White,Male,0,0,60,United-States,>50K
37,Private,Masters,14,Married-civ-spouse,Exec-managerial,Husband,White,Male,0,0,55,El-Salvador,>50K
45,Private,12th,8,Married-civ-spouse,Sales,Husband,White,Male,7688,0,40,United-States,>50K
55,Self-emp-not-inc,HS-grad,9,Married-civ-spouse,Sales,Husband,White,Male,0,0,50,United-States,>50K
60,Private,Some-college,10,Never-married,Prof-specialty,Unmarried,White,Male,0,0,40,United-States,>50K
48,Private,Prof-school,15,Married-civ-spouse,Prof-specialty,Husband,White,Male,0,1977,45,United-States,>50K
36,Private,Assoc-voc,11,Married-civ-spouse,Exec-managerial,Wife,White,Female,0,0,50,United-States,>50K
39,Local-gov,Assoc-acdm,12,Married-civ-spouse,Adm-clerical,Wife,White,Female,0,0,20,United-States,>50K
50,State-gov,Some-college,10,Married-civ-spouse,Adm-clerical,Husband,White,Male,0,0,40,United-States,>50K
35,Self-emp-inc,Bachelors,13,Never-married,Exec-managerial,Not-in-family,White,Female,0,0,60,United-States,>50K
51,Self-emp-not-inc,Assoc-acdm,12,Married-civ-spouse,Sales,Husband,White,Male,3103,0,30,United-States,>50K
31,Local-gov,Bachelors,13,Married-civ-spouse,Protective-serv,Husband,Black,Male,0,0,50,United-States,>50K
41,Private,Bachelors,13,Married-civ-spouse,Tech-support,Husband,White,Male,0,1902,42,United-States,>50K
31,Private,Bachelors,13,Married-civ-spouse,Sales,Husband,Black,Male,0,0,90,United-States,>50K
33,Private,Masters,14,Married-civ-spouse,Prof-specialty,Husband,White,Male,0,0,45,United-States,>50K
26,Private,Assoc-voc,11,Married-civ-spouse,Craft-repair,Husband,White,Male,0,0,65,United-States,>50K
37,Private,Bachelors,13,Married-civ-spouse,Prof-specialty,Husband,White,Male,7688,0,39,United-States,>50K
50,Private,HS-grad,9,Married-civ-spouse,Prof-specialty,Husband,White,Male,0,0,40,United-States,>50K
42,Private,Masters,14,Married-civ-spouse,Exec-managerial,Husband,White,Male,0,0,40,United-States,>50K
69,Self-emp-not-inc,Some-college,10,Married-civ-spouse,Craft-repair,Husband,White,Male,9386,0,72,United-States,>50K
31,Private,Bachelors,13,Married-civ-spouse,Prof-specialty,Wife,White,Female,0,0,40,United-States,>50K
52,State-gov,Assoc-acdm,12,Married-civ-spouse,Sales,Husband,White,Male,0,0,40,United-States,>50K
48,Local-gov,Masters,14,Married-civ-spouse,Prof-specialty,Husband,White,Male,0,0,40,United-States,>50K
36,State-gov,Bachelors,13,Married-civ-spouse,Adm-clerical,Wife,White,Female,0,0,20,United-States,>50K
30,Self-emp-inc,Some-college,10,Married-civ-spouse,Exec-managerial,Husband,White,Male,0,0,36,United-States,>50K
25,Self-emp-not-inc,Assoc-acdm,12,Married-civ-spouse,Adm-clerical,Wife,White,Female,0,0,35,United-States,>50K
56,Private,Bachelors,13,Married-civ-spouse,Adm-clerical,Husband,White,Male,5178,0,44,United-States,>50K
48,Private,HS-grad,9,Married-civ-spouse,Craft-repair,Husband,White,Male,0,0,44,United-States,>50K
39,Private,Some-college,10,Married-civ-spouse,Sales,Husband,White,Male,3103,0,50,United-States,>50K
39,Self-emp-inc,Assoc-acdm,12,Married-civ-spouse,Exec-managerial,Husband,White,Male,0,0,50,United-States,>50K
37,Private,Assoc-voc,11,Married-civ-spouse,Craft-repair,Husband,White,Male,4386,0,44,United-States,>50K
44,Private,Masters,14,Married-civ-spouse,Exec-managerial,Husband,White,Male,0,0,35,United-States,>50K
46,Private,Bachelors,13,Married-civ-spouse,Adm-clerical,Husband,White,Male,0,0,40,United-States,>50K
38,Private,Bachelors,13,Married-civ-spouse,Tech-support,Husband,White,Male,0,0,45,United-States,>50K
58,Private,HS-grad,9,Married-civ-spouse,Transport-moving,Husband,White,Male,0,0,60,United-States,>50K
38,Private,HS-grad,9,Married-civ-spouse,Exec-managerial,Husband,White,Male,7688,0,70,United-States,>50K
49,Private,Some-college,10,Married-civ-spouse,Adm-clerical,Wife,White,Female,0,0,40,United-States,>50K
33,Private,HS-grad,9,Married-civ-spouse,Handlers-cleaners,Husband,White,Male,0,0,50,United-States,>50K
34,Private,Bachelors,13,Married-civ-spouse,Exec-managerial,Husband,White,Male,15024,0,60,United-States,>50K
43,Private,HS-grad,9,Married-civ-spouse,Craft-repair,Husband,White,Male,0,0,40,United-States,>50K
49,Private,Masters,14,Married-civ-spouse,Sales,Husband,White,Male,0,0,50,United-States,>50K
37,Federal-gov,Some-college,10,Married-civ-spouse,Adm-clerical,Husband,White,Male,0,0,42,United-States,>50K
54,Local-gov,Assoc-voc,11,Married-civ-spouse,Protective-serv,Husband,White,Male,0,0,38,United-States,>50K
54,Self-emp-inc,Some-college,10,Married-civ-spouse,Transport-moving,Husband,White,Male,0,0,40,United-States,>50K
52,Private,12th,8,Married-civ-spouse,Machine-op-inspct,Husband,White,Male,0,0,45,United-States,>50K
61,Private,Assoc-acdm,12,Married-civ-spouse,Sales,Husband,White,Male,15024,0,40,United-States,>50K
